{
  "source_run": "1.3",
  "temperatures_K": [
    300,
    320
  ],
  "target_levels": [
    -184.9375,
    -149.22916666666666
  ],
  "warnings": [],
  "coef_a_nonfinite_count": 0,
  "coef_b_nonfinite_count": 0,
  "nuc_300K_mean_finite": -184.06380208333334,
  "nuc_320K_mean_finite": -148.56770833333334,
  "numpy_version": "1.26.4",
  "scipy_version": "1.17.1"
}