algorithm,best_parameter,precision,recall,fpr,f1,iou,auc,runtime_s,strength,weakness
adaptive_local,k=2,0.9722075706136165,0.7063985910694598,3.294845636570922e-05,0.7603105594661818,0.8006892089609434,0.0017526638941208188,0.0009098138534904049,устойчивее к медленному фону,зависит от масштаба локального окна
dog,k=3,0.8961137691741816,0.8271830461193804,0.00036415485582610226,0.8174279225570383,0.8453078301098945,0.094277115175953,0.0006785779764092095,выделяет локальные горячие пятна,чувствителен к размеру объекта
global_threshold,k=2.5,0.9672339195369424,0.8748179519669596,0.00010944417443734065,0.8721044891275638,0.9640767575297201,0.004671837865170129,0.0008794045000885068,простая интерпретация и минимальное время,чувствителен к неоднородному фону
morph_global,kernel=1,0.9672339195369424,0.8748179519669596,0.00010944417443734065,0.8721044891275638,0.9640767575297201,8.987078061201832e-05,0.002116478829631843,уменьшает мелкие ложные области,может удалить очень малые аномалии
otsu,offset=30,0.7378248629927857,0.8762304243846851,0.018970407760971062,0.7746465592749244,0.7361214941429659,0.38358382304056643,0.0008325339520347259,не требует явного k для каждого кадра,может ошибаться при малой площади аномалии
