temperature_K,mean_signal_adc,noise_std_adc,frame_mean_std_adc,min_adc,max_adc,dynamic_range_adc,snr_for_temp_step,local_slope_adc_per_K,netd_K
280.0,101.66424051920573,2.3935808687004845,1.0292118083679411,97.3125,105.75,8.4375,,5.755673726399739,0.4158645855344037
290.0,159.22097778320312,2.4001570377568546,1.0106763558748408,155.0625,162.9375,7.875,23.980404764593622,6.052020517985026,0.39658772316191165
300.0,222.70465087890625,2.3901527141728462,1.0227419094612131,218.1875,226.1875,8.0,26.560509175528875,6.653847249348959,0.3592136435663907
310.0,292.2979227701823,2.3936579730532386,1.0200227718911503,288.5625,295.9375,7.375,29.07402505902133,7.263528696695962,0.3295447809192338
320.0,367.9752248128255,2.396762497438475,1.024842071929234,363.8125,372.25,8.4375,31.574802310835068,7.873424275716144,0.304411703663775
330.0,449.7664082845052,2.3986084334769844,1.0102268950523101,445.875,454.125,8.25,34.099431291132625,8.486246490478518,0.2826465665554493
340.0,537.7001546223959,2.3974578294763167,1.0145267507022264,533.6875,541.875,8.1875,36.677911601514296,9.099113718668619,0.263482565841271
350.0,631.7486826578776,2.394118835211421,1.0283485271542547,627.375,636.0625,8.6875,39.283149462869666,9.708043162027991,0.24661188617040455
360.0,731.8610178629557,2.3909775929986394,1.0241072713108625,726.9375,736.0625,9.125,41.8708797180832,10.011233520507812,0.2388294697252611
