temperature_K,vignetting_mode,center_mean_adc,edge_mean_adc,corner_mean_adc,center_to_corner_drop_adc,center_to_corner_drop_percent,radial_gradient_adc,std_adc,rmse_to_uniform
320.0,none,241.28963400638355,241.28963400638352,241.28963400638355,0.0,0.0,-6.490220898684809e-14,5.684341886080802e-14,0.0
320.0,weak,240.75135572785493,218.77676216494666,217.47992845092494,23.271427276929984,9.666166658365977,30.762003094163852,6.885711381131245,12.814843957811208
320.0,medium,239.54294079841588,178.28867999458154,175.2258905586368,64.31705023977909,26.849904249069162,85.08425333166052,19.050950673522824,37.09022555805913
320.0,strong,235.97722833674734,106.93895377296363,102.69216931923263,133.2850590175147,56.48216989281376,176.45488926759487,39.370910841747275,85.84255708471505
